"Investissement Simulé","Moyenne","Écart type"
"3605.9455993645","3020.4910408671","1122.5414932975"
"2794.1689928359","3020.4910408671","1122.5414932975"
"4481.5479148755","3020.4910408671","1122.5414932975"
"2560.4366302131","3020.4910408671","1122.5414932975"
"3714.3660950719","3020.4910408671","1122.5414932975"
"1206.7770589808","3020.4910408671","1122.5414932975"
"3124.7480806901","3020.4910408671","1122.5414932975"
"1823.4326737174","3020.4910408671","1122.5414932975"
"4090.0736767804","3020.4910408671","1122.5414932975"
"4051.769280376","3020.4910408671","1122.5414932975"
"2317.1375763469","3020.4910408671","1122.5414932975"
"2618.4000215197","3020.4910408671","1122.5414932975"
"2209.3329105239","3020.4910408671","1122.5414932975"
"2533.8831479478","3020.4910408671","1122.5414932975"
"2198.0164034276","3020.4910408671","1122.5414932975"
"2145.4804631892","3020.4910408671","1122.5414932975"
"4915.3933339824","3020.4910408671","1122.5414932975"
"1730.3518468006","3020.4910408671","1122.5414932975"
"3598.3886925035","3020.4910408671","1122.5414932975"
"3928.9257574927","3020.4910408671","1122.5414932975"
"3593.7957082449","3020.4910408671","1122.5414932975"
"2549.3166077387","3020.4910408671","1122.5414932975"
"2533.2523173821","3020.4910408671","1122.5414932975"
"1264.9613093387","3020.4910408671","1122.5414932975"
"4404.6032944803","3020.4910408671","1122.5414932975"
"2601.9842363281","3020.4910408671","1122.5414932975"
"1853.0272308428","3020.4910408671","1122.5414932975"
"3633.2178546057","3020.4910408671","1122.5414932975"
"1203.9552367327","3020.4910408671","1122.5414932975"
"1146.6478485745","3020.4910408671","1122.5414932975"
"3745.3761304127","3020.4910408671","1122.5414932975"
"2436.4044396216","3020.4910408671","1122.5414932975"
"2130.3622811621","3020.4910408671","1122.5414932975"
"2527.5587625348","3020.4910408671","1122.5414932975"
"1281.1748400052","3020.4910408671","1122.5414932975"
"2496.6846668121","3020.4910408671","1122.5414932975"
"2294.5447038074","3020.4910408671","1122.5414932975"
"3195.6817650274","3020.4910408671","1122.5414932975"
"4219.6886190763","3020.4910408671","1122.5414932975"
"2810.9564667663","3020.4910408671","1122.5414932975"
"3371.6467118017","3020.4910408671","1122.5414932975"
"3379.6136477727","3020.4910408671","1122.5414932975"
"4584.8435160967","3020.4910408671","1122.5414932975"
"3904.2190871181","3020.4910408671","1122.5414932975"
"4335.5605206664","3020.4910408671","1122.5414932975"
"3281.4205074615","3020.4910408671","1122.5414932975"
"2760.7226138042","3020.4910408671","1122.5414932975"
"2687.0398511439","3020.4910408671","1122.5414932975"
"4474.8197793144","3020.4910408671","1122.5414932975"
"4717.8690719754","3020.4910408671","1122.5414932975"
"2756.0331924934","3020.4910408671","1122.5414932975"
"1691.2638950718","3020.4910408671","1122.5414932975"
"2009.9545388221","3020.4910408671","1122.5414932975"
"1951.6090655663","3020.4910408671","1122.5414932975"
"4731.8449579809","3020.4910408671","1122.5414932975"
"3054.7588158696","3020.4910408671","1122.5414932975"
"3936.7308130083","3020.4910408671","1122.5414932975"
"2764.6734974723","3020.4910408671","1122.5414932975"
"4564.9005126336","3020.4910408671","1122.5414932975"
"1529.1542953979","3020.4910408671","1122.5414932975"
"1864.355718592","3020.4910408671","1122.5414932975"
"3215.7493052018","3020.4910408671","1122.5414932975"
"2564.2451743198","3020.4910408671","1122.5414932975"
"2659.7801614744","3020.4910408671","1122.5414932975"
"1257.5960693011","3020.4910408671","1122.5414932975"
"1099.87878821","3020.4910408671","1122.5414932975"
"3095.1728898741","3020.4910408671","1122.5414932975"
"4729.0351945379","3020.4910408671","1122.5414932975"
"4581.2939546858","3020.4910408671","1122.5414932975"
"1634.4317644793","3020.4910408671","1122.5414932975"
"3797.7099682541","3020.4910408671","1122.5414932975"
"1480.2007194653","3020.4910408671","1122.5414932975"
"4960.6941011974","3020.4910408671","1122.5414932975"
"3333.4193306513","3020.4910408671","1122.5414932975"
"2546.4385798074","3020.4910408671","1122.5414932975"
"4283.5004843135","3020.4910408671","1122.5414932975"
"2854.7454031898","3020.4910408671","1122.5414932975"
"2999.8543547348","3020.4910408671","1122.5414932975"
"1566.1634561021","3020.4910408671","1122.5414932975"
"1317.6335222934","3020.4910408671","1122.5414932975"
"3634.3212114781","3020.4910408671","1122.5414932975"
"2984.6165144907","3020.4910408671","1122.5414932975"
"4353.1648719147","3020.4910408671","1122.5414932975"
"1502.8431917616","3020.4910408671","1122.5414932975"
"3012.5429354827","3020.4910408671","1122.5414932975"
"4212.5462681824","3020.4910408671","1122.5414932975"
"4035.4059134264","3020.4910408671","1122.5414932975"
"2120.973287942","3020.4910408671","1122.5414932975"
"2442.7541308359","3020.4910408671","1122.5414932975"
"1954.6372736985","3020.4910408671","1122.5414932975"
"1533.8623218168","3020.4910408671","1122.5414932975"
"2045.4505138797","3020.4910408671","1122.5414932975"
"4077.6937223478","3020.4910408671","1122.5414932975"
"1553.0815553468","3020.4910408671","1122.5414932975"
"1954.1971819709","3020.4910408671","1122.5414932975"
"3897.9681272164","3020.4910408671","1122.5414932975"
"2440.1525765645","3020.4910408671","1122.5414932975"
"2405.3350428625","3020.4910408671","1122.5414932975"
"3703.9406275266","3020.4910408671","1122.5414932975"
"1626.1057700368","3020.4910408671","1122.5414932975"
"2026.2366719727","3020.4910408671","1122.5414932975"
"3041.9381730548","3020.4910408671","1122.5414932975"
"1609.0623628543","3020.4910408671","1122.5414932975"
"2054.6574480844","3020.4910408671","1122.5414932975"
"2280.3493904072","3020.4910408671","1122.5414932975"
"2754.1774399563","3020.4910408671","1122.5414932975"
"1378.8140771394","3020.4910408671","1122.5414932975"
"1826.9684157682","3020.4910408671","1122.5414932975"
"4689.0880321227","3020.4910408671","1122.5414932975"
"4748.6632662222","3020.4910408671","1122.5414932975"
"1773.1560624391","3020.4910408671","1122.5414932975"
"3815.51042345","3020.4910408671","1122.5414932975"
"4626.7881639048","3020.4910408671","1122.5414932975"
"3438.4694828703","3020.4910408671","1122.5414932975"
"1398.8191530837","3020.4910408671","1122.5414932975"
"3973.3352756132","3020.4910408671","1122.5414932975"
"2720.1858847814","3020.4910408671","1122.5414932975"
"3528.720398446","3020.4910408671","1122.5414932975"
"3719.7776608565","3020.4910408671","1122.5414932975"
"3983.0793017275","3020.4910408671","1122.5414932975"
"1592.1511342826","3020.4910408671","1122.5414932975"
"3603.2750660811","3020.4910408671","1122.5414932975"
"1565.7364543816","3020.4910408671","1122.5414932975"
"4934.1162850901","3020.4910408671","1122.5414932975"
"4822.2904460729","3020.4910408671","1122.5414932975"
"2127.0635360498","3020.4910408671","1122.5414932975"
"2511.0893739484","3020.4910408671","1122.5414932975"
"3104.7246072877","3020.4910408671","1122.5414932975"
"3328.1405369569","3020.4910408671","1122.5414932975"
"2256.9901230694","3020.4910408671","1122.5414932975"
"2199.5614419167","3020.4910408671","1122.5414932975"
"3738.2656463749","3020.4910408671","1122.5414932975"
"3681.7348137823","3020.4910408671","1122.5414932975"
"4023.992410084","3020.4910408671","1122.5414932975"
"2966.9628231728","3020.4910408671","1122.5414932975"
"3497.5466811963","3020.4910408671","1122.5414932975"
"4591.7528149583","3020.4910408671","1122.5414932975"
"4268.0437705388","3020.4910408671","1122.5414932975"
"4549.6708795122","3020.4910408671","1122.5414932975"
"1150.5537533907","3020.4910408671","1122.5414932975"
"2950.5102622715","3020.4910408671","1122.5414932975"
"3709.0263744434","3020.4910408671","1122.5414932975"
"4369.7303862697","3020.4910408671","1122.5414932975"
"1793.3390976963","3020.4910408671","1122.5414932975"
"4879.3737995688","3020.4910408671","1122.5414932975"
"2792.8401658429","3020.4910408671","1122.5414932975"
"4508.8659024772","3020.4910408671","1122.5414932975"
"2572.6671457447","3020.4910408671","1122.5414932975"
"1054.854507452","3020.4910408671","1122.5414932975"
"3682.9600496788","3020.4910408671","1122.5414932975"
"1218.7485052995","3020.4910408671","1122.5414932975"
"2214.4753694296","3020.4910408671","1122.5414932975"
"1030.6016019779","3020.4910408671","1122.5414932975"
"3023.3303884167","3020.4910408671","1122.5414932975"
"1378.4380488794","3020.4910408671","1122.5414932975"
"3219.9730945224","3020.4910408671","1122.5414932975"
"2498.1558940647","3020.4910408671","1122.5414932975"
"4829.5956922524","3020.4910408671","1122.5414932975"
"2359.911436561","3020.4910408671","1122.5414932975"
"4554.5919106775","3020.4910408671","1122.5414932975"
"3014.6136557199","3020.4910408671","1122.5414932975"
"4035.9246184331","3020.4910408671","1122.5414932975"
"2142.8997767718","3020.4910408671","1122.5414932975"
"4699.1042324922","3020.4910408671","1122.5414932975"
"2985.4002024353","3020.4910408671","1122.5414932975"
"4751.44061719","3020.4910408671","1122.5414932975"
"1852.0920857045","3020.4910408671","1122.5414932975"
"2731.2658915719","3020.4910408671","1122.5414932975"
"2871.9679111552","3020.4910408671","1122.5414932975"
"2850.3094996529","3020.4910408671","1122.5414932975"
"4480.2986806873","3020.4910408671","1122.5414932975"
"3536.1047120982","3020.4910408671","1122.5414932975"
"3810.2207299158","3020.4910408671","1122.5414932975"
"3158.4391812965","3020.4910408671","1122.5414932975"
"4315.9446065842","3020.4910408671","1122.5414932975"
"3992.7065799691","3020.4910408671","1122.5414932975"
"2133.8645987896","3020.4910408671","1122.5414932975"
"2695.5525336069","3020.4910408671","1122.5414932975"
"4432.6672457183","3020.4910408671","1122.5414932975"
"2861.1544932143","3020.4910408671","1122.5414932975"
"3746.725787216","3020.4910408671","1122.5414932975"
"2822.572744022","3020.4910408671","1122.5414932975"
"2616.5794036096","3020.4910408671","1122.5414932975"
"3256.8851771161","3020.4910408671","1122.5414932975"
"1228.6301239127","3020.4910408671","1122.5414932975"
"4236.7614098749","3020.4910408671","1122.5414932975"
"1384.125914826","3020.4910408671","1122.5414932975"
"4870.7070242298","3020.4910408671","1122.5414932975"
"1150.4612776467","3020.4910408671","1122.5414932975"
"4606.6238979741","3020.4910408671","1122.5414932975"
"1350.6328268928","3020.4910408671","1122.5414932975"
"2522.6851476031","3020.4910408671","1122.5414932975"
"2942.8924561954","3020.4910408671","1122.5414932975"
"3616.347141349","3020.4910408671","1122.5414932975"
"1583.7557286573","3020.4910408671","1122.5414932975"
"4202.8471126797","3020.4910408671","1122.5414932975"
"3443.9143478233","3020.4910408671","1122.5414932975"
"1774.5358336217","3020.4910408671","1122.5414932975"
"3274.1385199775","3020.4910408671","1122.5414932975"
"4012.5363530453","3020.4910408671","1122.5414932975"
"3015.2314953462","3020.4910408671","1122.5414932975"
"3234.2472604294","3020.4910408671","1122.5414932975"
"3159.5298005653","3020.4910408671","1122.5414932975"
"2412.507963128","3020.4910408671","1122.5414932975"
"4639.9990583361","3020.4910408671","1122.5414932975"
"4588.7032535626","3020.4910408671","1122.5414932975"
"2716.9717297192","3020.4910408671","1122.5414932975"
"2356.641229353","3020.4910408671","1122.5414932975"
"3524.276757949","3020.4910408671","1122.5414932975"
"1483.0972682365","3020.4910408671","1122.5414932975"
"2358.7587464713","3020.4910408671","1122.5414932975"
"3770.1313021225","3020.4910408671","1122.5414932975"
"4594.0662584988","3020.4910408671","1122.5414932975"
"4085.0070637785","3020.4910408671","1122.5414932975"
"4677.5961006289","3020.4910408671","1122.5414932975"
"2325.1166150124","3020.4910408671","1122.5414932975"
"2496.709319011","3020.4910408671","1122.5414932975"
"2530.5179575436","3020.4910408671","1122.5414932975"
"1380.6481166878","3020.4910408671","1122.5414932975"
"4471.6238045981","3020.4910408671","1122.5414932975"
"1671.5253098797","3020.4910408671","1122.5414932975"
"1227.1324118863","3020.4910408671","1122.5414932975"
"3863.9178245313","3020.4910408671","1122.5414932975"
"1473.3247118235","3020.4910408671","1122.5414932975"
"2109.801815367","3020.4910408671","1122.5414932975"
"3224.4147875492","3020.4910408671","1122.5414932975"
"2187.0183176407","3020.4910408671","1122.5414932975"
"2127.1007421884","3020.4910408671","1122.5414932975"
"3415.8028376222","3020.4910408671","1122.5414932975"
"3645.5460107045","3020.4910408671","1122.5414932975"
"1743.7999597592","3020.4910408671","1122.5414932975"
"4316.984678722","3020.4910408671","1122.5414932975"
"4088.0106876038","3020.4910408671","1122.5414932975"
"4031.7052067294","3020.4910408671","1122.5414932975"
"2754.8107678749","3020.4910408671","1122.5414932975"
"3143.686100582","3020.4910408671","1122.5414932975"
"4778.5569265498","3020.4910408671","1122.5414932975"
"3526.1344728666","3020.4910408671","1122.5414932975"
"2177.3577649009","3020.4910408671","1122.5414932975"
"1263.2385934678","3020.4910408671","1122.5414932975"
"3678.5029525618","3020.4910408671","1122.5414932975"
"3597.8789296327","3020.4910408671","1122.5414932975"
"4740.8985571487","3020.4910408671","1122.5414932975"
"1109.8861916332","3020.4910408671","1122.5414932975"
"1881.3834120582","3020.4910408671","1122.5414932975"
"2035.3373370204","3020.4910408671","1122.5414932975"
"3674.1792456474","3020.4910408671","1122.5414932975"
"2782.9675599553","3020.4910408671","1122.5414932975"
"3777.3123841843","3020.4910408671","1122.5414932975"
"3408.0030391598","3020.4910408671","1122.5414932975"
"3539.045562933","3020.4910408671","1122.5414932975"
"3564.3147815511","3020.4910408671","1122.5414932975"
"1706.348782778","3020.4910408671","1122.5414932975"
"3689.4698228151","3020.4910408671","1122.5414932975"
"3962.076807477","3020.4910408671","1122.5414932975"
"2539.3076177637","3020.4910408671","1122.5414932975"
"3345.2388722644","3020.4910408671","1122.5414932975"
"4414.2819745233","3020.4910408671","1122.5414932975"
"4317.4679901142","3020.4910408671","1122.5414932975"
"3596.9294769944","3020.4910408671","1122.5414932975"
"4643.8271090707","3020.4910408671","1122.5414932975"
"4920.7580450171","3020.4910408671","1122.5414932975"
"3548.2332464836","3020.4910408671","1122.5414932975"
"4974.0981174821","3020.4910408671","1122.5414932975"
"4839.2794684418","3020.4910408671","1122.5414932975"
"3338.5340779807","3020.4910408671","1122.5414932975"
"2010.2912601542","3020.4910408671","1122.5414932975"
"1510.2999483951","3020.4910408671","1122.5414932975"
"4045.6352732853","3020.4910408671","1122.5414932975"
"2467.7991454099","3020.4910408671","1122.5414932975"
"3205.5556496943","3020.4910408671","1122.5414932975"
"3533.2701330363","3020.4910408671","1122.5414932975"
"2239.1718332092","3020.4910408671","1122.5414932975"
"1892.409677561","3020.4910408671","1122.5414932975"
"3669.5243739727","3020.4910408671","1122.5414932975"
"2317.2100243985","3020.4910408671","1122.5414932975"
"4634.381160541","3020.4910408671","1122.5414932975"
"1015.9031137983","3020.4910408671","1122.5414932975"
"3560.9650614188","3020.4910408671","1122.5414932975"
"2885.6459215728","3020.4910408671","1122.5414932975"
"3888.1741628323","3020.4910408671","1122.5414932975"
"3092.2914411495","3020.4910408671","1122.5414932975"
"2298.6408208826","3020.4910408671","1122.5414932975"
"4090.132138761","3020.4910408671","1122.5414932975"
"4156.8506085723","3020.4910408671","1122.5414932975"
"4217.4489450436","3020.4910408671","1122.5414932975"
"2003.4149333202","3020.4910408671","1122.5414932975"
"3374.2186224316","3020.4910408671","1122.5414932975"
"3608.7138650236","3020.4910408671","1122.5414932975"
"4401.2156942713","3020.4910408671","1122.5414932975"
"1831.4297323337","3020.4910408671","1122.5414932975"
"3271.6459783268","3020.4910408671","1122.5414932975"
"1451.7044216987","3020.4910408671","1122.5414932975"
"3659.4905435885","3020.4910408671","1122.5414932975"
"2320.2436206792","3020.4910408671","1122.5414932975"
"1233.8370729873","3020.4910408671","1122.5414932975"
"4185.3991568086","3020.4910408671","1122.5414932975"
"4243.8787423162","3020.4910408671","1122.5414932975"
"2900.5628424804","3020.4910408671","1122.5414932975"
"4369.6852608072","3020.4910408671","1122.5414932975"
"2064.7989287903","3020.4910408671","1122.5414932975"
"2391.7929619341","3020.4910408671","1122.5414932975"
"4715.7359923913","3020.4910408671","1122.5414932975"
"1059.2662115491","3020.4910408671","1122.5414932975"
"3821.7328975692","3020.4910408671","1122.5414932975"
"4431.8348065497","3020.4910408671","1122.5414932975"
"2920.0687561148","3020.4910408671","1122.5414932975"
"4131.1744478377","3020.4910408671","1122.5414932975"
"1237.8196291642","3020.4910408671","1122.5414932975"
"3098.3259609933","3020.4910408671","1122.5414932975"
"1720.2334612823","3020.4910408671","1122.5414932975"
"1834.4954779587","3020.4910408671","1122.5414932975"
"4190.3159186165","3020.4910408671","1122.5414932975"
"4487.0686897019","3020.4910408671","1122.5414932975"
"2013.6880737103","3020.4910408671","1122.5414932975"
"1643.5761703187","3020.4910408671","1122.5414932975"
"2207.2389979341","3020.4910408671","1122.5414932975"
"4691.5299731274","3020.4910408671","1122.5414932975"
"4678.3257941222","3020.4910408671","1122.5414932975"
"4222.4689308062","3020.4910408671","1122.5414932975"
"4979.3891466133","3020.4910408671","1122.5414932975"
"4092.2388124585","3020.4910408671","1122.5414932975"
"3336.7217345022","3020.4910408671","1122.5414932975"
"4980.6891534035","3020.4910408671","1122.5414932975"
"2005.0766809621","3020.4910408671","1122.5414932975"
"3566.5653375871","3020.4910408671","1122.5414932975"
"2467.5788376719","3020.4910408671","1122.5414932975"
"2873.3156882691","3020.4910408671","1122.5414932975"
"1028.8562106451","3020.4910408671","1122.5414932975"
"2966.9734954984","3020.4910408671","1122.5414932975"
"2408.6942330244","3020.4910408671","1122.5414932975"
"1717.9054007861","3020.4910408671","1122.5414932975"
"3994.995909295","3020.4910408671","1122.5414932975"
"2499.6165461457","3020.4910408671","1122.5414932975"
"3104.2197669026","3020.4910408671","1122.5414932975"
"1067.057331986","3020.4910408671","1122.5414932975"
"4156.5604098387","3020.4910408671","1122.5414932975"
"1272.4858293349","3020.4910408671","1122.5414932975"
"3499.8130907627","3020.4910408671","1122.5414932975"
"3786.2764616504","3020.4910408671","1122.5414932975"
"1131.1039356058","3020.4910408671","1122.5414932975"
"1017.1694170772","3020.4910408671","1122.5414932975"
"2835.8372618012","3020.4910408671","1122.5414932975"
"1632.0810045309","3020.4910408671","1122.5414932975"
"1941.4877295693","3020.4910408671","1122.5414932975"
"3964.0865365875","3020.4910408671","1122.5414932975"
"3318.9890007643","3020.4910408671","1122.5414932975"
"2952.4106400959","3020.4910408671","1122.5414932975"
"1003.042199098","3020.4910408671","1122.5414932975"
"4838.801381211","3020.4910408671","1122.5414932975"
"1306.4111361406","3020.4910408671","1122.5414932975"
"3096.7285993232","3020.4910408671","1122.5414932975"
"3435.4696452536","3020.4910408671","1122.5414932975"
"1358.5827656014","3020.4910408671","1122.5414932975"
"2462.5055289642","3020.4910408671","1122.5414932975"
"1724.3617097372","3020.4910408671","1122.5414932975"
"3013.8443144972","3020.4910408671","1122.5414932975"
"3315.5453366024","3020.4910408671","1122.5414932975"
"2208.3244068119","3020.4910408671","1122.5414932975"
"4200.8475516049","3020.4910408671","1122.5414932975"
"1533.1337175808","3020.4910408671","1122.5414932975"
"3923.5817442734","3020.4910408671","1122.5414932975"
"4273.9350283","3020.4910408671","1122.5414932975"
"1201.2055126833","3020.4910408671","1122.5414932975"
"3287.9432800524","3020.4910408671","1122.5414932975"
"4286.9115827811","3020.4910408671","1122.5414932975"
"4162.3659526915","3020.4910408671","1122.5414932975"
"3980.6166662832","3020.4910408671","1122.5414932975"
"3031.3266086444","3020.4910408671","1122.5414932975"
"2094.9831577378","3020.4910408671","1122.5414932975"
"2919.085580619","3020.4910408671","1122.5414932975"
"2396.1337194241","3020.4910408671","1122.5414932975"
"2840.6896450865","3020.4910408671","1122.5414932975"
"4525.277205321","3020.4910408671","1122.5414932975"
"4337.2755982349","3020.4910408671","1122.5414932975"
"2333.09535969","3020.4910408671","1122.5414932975"
"2255.6921833421","3020.4910408671","1122.5414932975"
"2236.2986540247","3020.4910408671","1122.5414932975"
"4861.7535151579","3020.4910408671","1122.5414932975"
"2733.2736021929","3020.4910408671","1122.5414932975"
"2743.894159441","3020.4910408671","1122.5414932975"
"1938.1539738563","3020.4910408671","1122.5414932975"
"2829.8491863636","3020.4910408671","1122.5414932975"
"3611.9442687018","3020.4910408671","1122.5414932975"
"1820.0805165906","3020.4910408671","1122.5414932975"
"2950.8770749169","3020.4910408671","1122.5414932975"
"4387.190885178","3020.4910408671","1122.5414932975"
"3479.0806375641","3020.4910408671","1122.5414932975"
"2397.6626881267","3020.4910408671","1122.5414932975"
"4301.934314536","3020.4910408671","1122.5414932975"
"4478.4576283775","3020.4910408671","1122.5414932975"
"1522.9421465461","3020.4910408671","1122.5414932975"
"2957.7659434316","3020.4910408671","1122.5414932975"
"3257.0669323066","3020.4910408671","1122.5414932975"
"2447.8699845536","3020.4910408671","1122.5414932975"
"2856.4959067052","3020.4910408671","1122.5414932975"
"3255.0067643931","3020.4910408671","1122.5414932975"
"1751.4967628916","3020.4910408671","1122.5414932975"
"4193.4780709803","3020.4910408671","1122.5414932975"
"3908.4169211611","3020.4910408671","1122.5414932975"
"4400.6967525025","3020.4910408671","1122.5414932975"
"4563.858648539","3020.4910408671","1122.5414932975"
"3163.2326655187","3020.4910408671","1122.5414932975"
"3342.2808597609","3020.4910408671","1122.5414932975"
"2211.5674175872","3020.4910408671","1122.5414932975"
"1809.1693134705","3020.4910408671","1122.5414932975"
"2418.9014844035","3020.4910408671","1122.5414932975"
"4306.5116170994","3020.4910408671","1122.5414932975"
"1568.0174247666","3020.4910408671","1122.5414932975"
"2589.3283727203","3020.4910408671","1122.5414932975"
"4992.0009344873","3020.4910408671","1122.5414932975"
"2151.2281916198","3020.4910408671","1122.5414932975"
"3878.5282195628","3020.4910408671","1122.5414932975"
"4829.4216477572","3020.4910408671","1122.5414932975"
"4083.7064520012","3020.4910408671","1122.5414932975"
"3695.3149735486","3020.4910408671","1122.5414932975"
"2232.6002531265","3020.4910408671","1122.5414932975"
"2452.4437995342","3020.4910408671","1122.5414932975"
"2032.7978680303","3020.4910408671","1122.5414932975"
"3872.1184119732","3020.4910408671","1122.5414932975"
"4542.0271214594","3020.4910408671","1122.5414932975"
"3259.1454055449","3020.4910408671","1122.5414932975"
"4736.7925702693","3020.4910408671","1122.5414932975"
"2719.1444712298","3020.4910408671","1122.5414932975"
"3881.0546180284","3020.4910408671","1122.5414932975"
"2887.8118398226","3020.4910408671","1122.5414932975"
"2959.0326724738","3020.4910408671","1122.5414932975"
"1881.0419913343","3020.4910408671","1122.5414932975"
"1458.4687748783","3020.4910408671","1122.5414932975"
"3490.6743474747","3020.4910408671","1122.5414932975"
"3152.5219198849","3020.4910408671","1122.5414932975"
"4547.0115068126","3020.4910408671","1122.5414932975"
"2663.7524148772","3020.4910408671","1122.5414932975"
"1698.2054454567","3020.4910408671","1122.5414932975"
"2905.6806949953","3020.4910408671","1122.5414932975"
"4190.8980570177","3020.4910408671","1122.5414932975"
"1591.8797378787","3020.4910408671","1122.5414932975"
"2621.3940907019","3020.4910408671","1122.5414932975"
"3679.2688642449","3020.4910408671","1122.5414932975"
"2343.3273734363","3020.4910408671","1122.5414932975"
"2357.2299448769","3020.4910408671","1122.5414932975"
"4817.4998611016","3020.4910408671","1122.5414932975"
"1282.7054867323","3020.4910408671","1122.5414932975"
"3774.6166594404","3020.4910408671","1122.5414932975"
"1104.170966537","3020.4910408671","1122.5414932975"
"3068.9887910772","3020.4910408671","1122.5414932975"
"4234.0535935364","3020.4910408671","1122.5414932975"
"4282.5264349912","3020.4910408671","1122.5414932975"
"2000.891848671","3020.4910408671","1122.5414932975"
"2383.8447080501","3020.4910408671","1122.5414932975"
"3776.7125911006","3020.4910408671","1122.5414932975"
"1457.2089461348","3020.4910408671","1122.5414932975"
"1893.4834631825","3020.4910408671","1122.5414932975"
"2428.1507160049","3020.4910408671","1122.5414932975"
"2644.0707976121","3020.4910408671","1122.5414932975"
"1119.9465760646","3020.4910408671","1122.5414932975"
"2103.4711463167","3020.4910408671","1122.5414932975"
"4607.0636778023","3020.4910408671","1122.5414932975"
"1102.4997659677","3020.4910408671","1122.5414932975"
"1689.8841247834","3020.4910408671","1122.5414932975"
"1579.6535602056","3020.4910408671","1122.5414932975"
"1231.6465843579","3020.4910408671","1122.5414932975"
"3194.6526161825","3020.4910408671","1122.5414932975"
"1274.1718994724","3020.4910408671","1122.5414932975"
"1513.3778694298","3020.4910408671","1122.5414932975"
"4391.1844051739","3020.4910408671","1122.5414932975"
"3566.9218502641","3020.4910408671","1122.5414932975"
"2677.5259938379","3020.4910408671","1122.5414932975"
"3063.7995637318","3020.4910408671","1122.5414932975"
"3851.6846898434","3020.4910408671","1122.5414932975"
"1277.2912120466","3020.4910408671","1122.5414932975"
"1789.121323375","3020.4910408671","1122.5414932975"
"4225.3444574667","3020.4910408671","1122.5414932975"
"1510.347708782","3020.4910408671","1122.5414932975"
"2363.9655512151","3020.4910408671","1122.5414932975"
"1127.7986983586","3020.4910408671","1122.5414932975"
"3214.2950607857","3020.4910408671","1122.5414932975"
"1051.6998344597","3020.4910408671","1122.5414932975"
"3328.3436995433","3020.4910408671","1122.5414932975"
"2057.4863037898","3020.4910408671","1122.5414932975"
"3763.7641476993","3020.4910408671","1122.5414932975"
"1480.2756699645","3020.4910408671","1122.5414932975"
"1192.3182789064","3020.4910408671","1122.5414932975"
"3673.7082471854","3020.4910408671","1122.5414932975"
"2541.1530980517","3020.4910408671","1122.5414932975"
"2541.2623551074","3020.4910408671","1122.5414932975"
"2016.3390958385","3020.4910408671","1122.5414932975"
"1583.0903977792","3020.4910408671","1122.5414932975"
"4611.2489394214","3020.4910408671","1122.5414932975"
"2007.4687368759","3020.4910408671","1122.5414932975"
"4241.1769246115","3020.4910408671","1122.5414932975"
"3442.7964149219","3020.4910408671","1122.5414932975"
"3457.1602056061","3020.4910408671","1122.5414932975"
"4213.7720027359","3020.4910408671","1122.5414932975"
"3347.4143126723","3020.4910408671","1122.5414932975"
"1231.6434648375","3020.4910408671","1122.5414932975"
"4409.585002378","3020.4910408671","1122.5414932975"
"3978.5117548012","3020.4910408671","1122.5414932975"
"2077.4909332308","3020.4910408671","1122.5414932975"
"3944.5219021072","3020.4910408671","1122.5414932975"
"3146.5734618008","3020.4910408671","1122.5414932975"
"4040.0599745496","3020.4910408671","1122.5414932975"
"2899.8563591817","3020.4910408671","1122.5414932975"
"2105.4148290541","3020.4910408671","1122.5414932975"
"1076.1102198425","3020.4910408671","1122.5414932975"
"3194.2867593104","3020.4910408671","1122.5414932975"
"4207.3568441323","3020.4910408671","1122.5414932975"
"1874.7006473639","3020.4910408671","1122.5414932975"
"3562.8785989543","3020.4910408671","1122.5414932975"
"2509.4674960234","3020.4910408671","1122.5414932975"
"3049.9926949229","3020.4910408671","1122.5414932975"
"4323.5230107769","3020.4910408671","1122.5414932975"
"3877.203306853","3020.4910408671","1122.5414932975"
"2655.3921698847","3020.4910408671","1122.5414932975"
"1867.7715153111","3020.4910408671","1122.5414932975"
"4585.9050968563","3020.4910408671","1122.5414932975"
"4124.99126355","3020.4910408671","1122.5414932975"
"2108.5024782342","3020.4910408671","1122.5414932975"
"4526.6707174259","3020.4910408671","1122.5414932975"
"2187.1335988556","3020.4910408671","1122.5414932975"
"2026.7985280917","3020.4910408671","1122.5414932975"
"1844.4178604561","3020.4910408671","1122.5414932975"
"3599.9672453642","3020.4910408671","1122.5414932975"
"4350.8935851415","3020.4910408671","1122.5414932975"
"3751.4496781159","3020.4910408671","1122.5414932975"
"4101.2938328522","3020.4910408671","1122.5414932975"
"1088.6301062925","3020.4910408671","1122.5414932975"
"4772.167764679","3020.4910408671","1122.5414932975"
"3380.4248329368","3020.4910408671","1122.5414932975"
"2530.8155742264","3020.4910408671","1122.5414932975"
"2659.6076709859","3020.4910408671","1122.5414932975"
"2178.0362675276","3020.4910408671","1122.5414932975"
"3218.7098523901","3020.4910408671","1122.5414932975"
"2939.7554840638","3020.4910408671","1122.5414932975"
"1908.2911108093","3020.4910408671","1122.5414932975"
"4476.3316537321","3020.4910408671","1122.5414932975"
"4016.0278927732","3020.4910408671","1122.5414932975"
"3338.1218951932","3020.4910408671","1122.5414932975"
"2780.537280342","3020.4910408671","1122.5414932975"
"2943.8101156915","3020.4910408671","1122.5414932975"
"4142.9111425389","3020.4910408671","1122.5414932975"
"3389.235077994","3020.4910408671","1122.5414932975"
"1845.6529353945","3020.4910408671","1122.5414932975"
"1689.5229255955","3020.4910408671","1122.5414932975"
"3399.0104442338","3020.4910408671","1122.5414932975"
"1983.3439684013","3020.4910408671","1122.5414932975"
"3509.6048929799","3020.4910408671","1122.5414932975"
"3783.6673938024","3020.4910408671","1122.5414932975"
"2755.0334982542","3020.4910408671","1122.5414932975"
"3316.4530005025","3020.4910408671","1122.5414932975"
"2115.5167949222","3020.4910408671","1122.5414932975"
"3135.3817744972","3020.4910408671","1122.5414932975"
"2971.6109304827","3020.4910408671","1122.5414932975"
"2572.8766351319","3020.4910408671","1122.5414932975"
"4860.2496410811","3020.4910408671","1122.5414932975"
"3476.2838591865","3020.4910408671","1122.5414932975"
"3506.4090719505","3020.4910408671","1122.5414932975"
"1861.5883894197","3020.4910408671","1122.5414932975"
"3612.1196717417","3020.4910408671","1122.5414932975"
"4639.037639829","3020.4910408671","1122.5414932975"
"2650.5314614198","3020.4910408671","1122.5414932975"
"2482.4129352989","3020.4910408671","1122.5414932975"
"3003.3557756491","3020.4910408671","1122.5414932975"
"2967.7890146167","3020.4910408671","1122.5414932975"
"2342.9738001284","3020.4910408671","1122.5414932975"
"2116.5197594272","3020.4910408671","1122.5414932975"
"1076.2650891374","3020.4910408671","1122.5414932975"
"4094.3744739235","3020.4910408671","1122.5414932975"
"1268.1639224562","3020.4910408671","1122.5414932975"
"2327.8955038403","3020.4910408671","1122.5414932975"
"4707.6080213151","3020.4910408671","1122.5414932975"
"3632.3375023728","3020.4910408671","1122.5414932975"
"1920.5503001665","3020.4910408671","1122.5414932975"
"2827.8083855185","3020.4910408671","1122.5414932975"
"2742.5587077203","3020.4910408671","1122.5414932975"
"4236.6255113504","3020.4910408671","1122.5414932975"
"2725.761805517","3020.4910408671","1122.5414932975"
"3069.7637746132","3020.4910408671","1122.5414932975"
"2015.256532432","3020.4910408671","1122.5414932975"
"4680.4475703027","3020.4910408671","1122.5414932975"
"4502.2339938575","3020.4910408671","1122.5414932975"
"1648.8039068486","3020.4910408671","1122.5414932975"
"3187.2703759813","3020.4910408671","1122.5414932975"
"1503.4332582762","3020.4910408671","1122.5414932975"
"3586.2356723838","3020.4910408671","1122.5414932975"
"4070.7629714205","3020.4910408671","1122.5414932975"
"3216.9733089699","3020.4910408671","1122.5414932975"
"3204.7538891181","3020.4910408671","1122.5414932975"
"1931.8758156275","3020.4910408671","1122.5414932975"
"2591.2807793423","3020.4910408671","1122.5414932975"
"1546.099695879","3020.4910408671","1122.5414932975"
"1279.5751899296","3020.4910408671","1122.5414932975"
"3304.1354490067","3020.4910408671","1122.5414932975"
"4199.1898988664","3020.4910408671","1122.5414932975"
"4024.9898568802","3020.4910408671","1122.5414932975"
"3747.405290732","3020.4910408671","1122.5414932975"
"1985.2226654098","3020.4910408671","1122.5414932975"
"4083.7775556766","3020.4910408671","1122.5414932975"
"3005.4116347751","3020.4910408671","1122.5414932975"
"2108.9692982375","3020.4910408671","1122.5414932975"
"4054.4223816576","3020.4910408671","1122.5414932975"
"2033.7584680345","3020.4910408671","1122.5414932975"
"2766.0677973843","3020.4910408671","1122.5414932975"
"1576.217943024","3020.4910408671","1122.5414932975"
"4009.9186769043","3020.4910408671","1122.5414932975"
"1916.23123852","3020.4910408671","1122.5414932975"
"3808.747466433","3020.4910408671","1122.5414932975"
"1865.4626612593","3020.4910408671","1122.5414932975"
"4248.9450082053","3020.4910408671","1122.5414932975"
"1138.6857194061","3020.4910408671","1122.5414932975"
"1342.10830054","3020.4910408671","1122.5414932975"
"1039.8687421252","3020.4910408671","1122.5414932975"
"4620.9629389434","3020.4910408671","1122.5414932975"
"1792.8050461339","3020.4910408671","1122.5414932975"
"2786.3571233634","3020.4910408671","1122.5414932975"
"3562.0890360994","3020.4910408671","1122.5414932975"
"3343.5180708264","3020.4910408671","1122.5414932975"
"1286.8476912281","3020.4910408671","1122.5414932975"
"4160.0372478083","3020.4910408671","1122.5414932975"
"4976.9941298138","3020.4910408671","1122.5414932975"
"2575.0738038228","3020.4910408671","1122.5414932975"
"4015.8867741687","3020.4910408671","1122.5414932975"
"4944.8884246008","3020.4910408671","1122.5414932975"
"4352.1975459049","3020.4910408671","1122.5414932975"
"1768.0298318168","3020.4910408671","1122.5414932975"
"4146.8386911076","3020.4910408671","1122.5414932975"
"1652.1711539758","3020.4910408671","1122.5414932975"
"2102.4876646911","3020.4910408671","1122.5414932975"
"3904.4879610241","3020.4910408671","1122.5414932975"
"3311.2208416728","3020.4910408671","1122.5414932975"
"4217.6019456412","3020.4910408671","1122.5414932975"
"4910.632623556","3020.4910408671","1122.5414932975"
"3010.3817539256","3020.4910408671","1122.5414932975"
"2688.4423623072","3020.4910408671","1122.5414932975"
"4214.0080311485","3020.4910408671","1122.5414932975"
"3383.7237052513","3020.4910408671","1122.5414932975"
"4226.3727390853","3020.4910408671","1122.5414932975"
"4582.4574995785","3020.4910408671","1122.5414932975"
"3717.4805523771","3020.4910408671","1122.5414932975"
"1817.8140367695","3020.4910408671","1122.5414932975"
"2131.8872883598","3020.4910408671","1122.5414932975"
"2948.5832186564","3020.4910408671","1122.5414932975"
"1481.6039231747","3020.4910408671","1122.5414932975"
"3204.6482088459","3020.4910408671","1122.5414932975"
"3091.4603387501","3020.4910408671","1122.5414932975"
"3104.2025939663","3020.4910408671","1122.5414932975"
"1140.7733524744","3020.4910408671","1122.5414932975"
"4560.0148434089","3020.4910408671","1122.5414932975"
"4886.3473125193","3020.4910408671","1122.5414932975"
"3497.7233797814","3020.4910408671","1122.5414932975"
"2087.9737805572","3020.4910408671","1122.5414932975"
"2587.2152784381","3020.4910408671","1122.5414932975"
"4012.4894563985","3020.4910408671","1122.5414932975"
"1451.0074831134","3020.4910408671","1122.5414932975"
"2691.5271847672","3020.4910408671","1122.5414932975"
"4413.5135319124","3020.4910408671","1122.5414932975"
"1367.3823150563","3020.4910408671","1122.5414932975"
"2325.4326989208","3020.4910408671","1122.5414932975"
"2477.8557387762","3020.4910408671","1122.5414932975"
"2968.3144626438","3020.4910408671","1122.5414932975"
"1032.8520400385","3020.4910408671","1122.5414932975"
"4495.6098575945","3020.4910408671","1122.5414932975"
"1854.8538278394","3020.4910408671","1122.5414932975"
"2324.5748506164","3020.4910408671","1122.5414932975"
"2651.8777681778","3020.4910408671","1122.5414932975"
"3522.7800065983","3020.4910408671","1122.5414932975"
"3369.8011138308","3020.4910408671","1122.5414932975"
"1590.9575840721","3020.4910408671","1122.5414932975"
"3036.4532536552","3020.4910408671","1122.5414932975"
"4301.5363497136","3020.4910408671","1122.5414932975"
"3592.6112631292","3020.4910408671","1122.5414932975"
"3431.5810446098","3020.4910408671","1122.5414932975"
"2339.6186876067","3020.4910408671","1122.5414932975"
"2971.4046445762","3020.4910408671","1122.5414932975"
"3694.6910683794","3020.4910408671","1122.5414932975"
"1572.8071773698","3020.4910408671","1122.5414932975"
"3938.2511750528","3020.4910408671","1122.5414932975"
"4041.0949748705","3020.4910408671","1122.5414932975"
"2253.8442571493","3020.4910408671","1122.5414932975"
"4060.986694513","3020.4910408671","1122.5414932975"
"1708.4072576743","3020.4910408671","1122.5414932975"
"1091.1822673663","3020.4910408671","1122.5414932975"
"2124.5578551704","3020.4910408671","1122.5414932975"
"4520.4642870134","3020.4910408671","1122.5414932975"
"1036.5263326276","3020.4910408671","1122.5414932975"
"4430.4112313616","3020.4910408671","1122.5414932975"
"4483.7679225335","3020.4910408671","1122.5414932975"
"2268.5870058246","3020.4910408671","1122.5414932975"
"4507.958392747","3020.4910408671","1122.5414932975"
"2702.3167692469","3020.4910408671","1122.5414932975"
"2467.5374553898","3020.4910408671","1122.5414932975"
"2119.9502026687","3020.4910408671","1122.5414932975"
"4791.4918208087","3020.4910408671","1122.5414932975"
"2255.7963887005","3020.4910408671","1122.5414932975"
"2325.0373523317","3020.4910408671","1122.5414932975"
"4771.5457097105","3020.4910408671","1122.5414932975"
"3535.7470386265","3020.4910408671","1122.5414932975"
"4309.0046819144","3020.4910408671","1122.5414932975"
"3326.7632826205","3020.4910408671","1122.5414932975"
"3620.0132245443","3020.4910408671","1122.5414932975"
"2881.7591429937","3020.4910408671","1122.5414932975"
"2333.0821030222","3020.4910408671","1122.5414932975"
"1837.1655718754","3020.4910408671","1122.5414932975"
"1895.2370007957","3020.4910408671","1122.5414932975"
"2387.489521295","3020.4910408671","1122.5414932975"
"4899.4763910294","3020.4910408671","1122.5414932975"
"1668.053656879","3020.4910408671","1122.5414932975"
"2812.6990297491","3020.4910408671","1122.5414932975"
"4126.1403544639","3020.4910408671","1122.5414932975"
"1370.706566399","3020.4910408671","1122.5414932975"
"4105.8206056165","3020.4910408671","1122.5414932975"
"1473.8020351072","3020.4910408671","1122.5414932975"
"4949.8161034499","3020.4910408671","1122.5414932975"
"3102.853186157","3020.4910408671","1122.5414932975"
"4577.1559517339","3020.4910408671","1122.5414932975"
"4097.6010236291","3020.4910408671","1122.5414932975"
"4903.8611329327","3020.4910408671","1122.5414932975"
"2136.2293964475","3020.4910408671","1122.5414932975"
"1804.2533848622","3020.4910408671","1122.5414932975"
"2538.2374879048","3020.4910408671","1122.5414932975"
"2587.4343247373","3020.4910408671","1122.5414932975"
"3086.336333888","3020.4910408671","1122.5414932975"
"4970.8728779566","3020.4910408671","1122.5414932975"
"4119.4504015162","3020.4910408671","1122.5414932975"
"2132.6773911574","3020.4910408671","1122.5414932975"
"3634.2514334646","3020.4910408671","1122.5414932975"
"1535.2518184185","3020.4910408671","1122.5414932975"
"3274.5336493175","3020.4910408671","1122.5414932975"
"2942.6993860991","3020.4910408671","1122.5414932975"
"3688.8614760338","3020.4910408671","1122.5414932975"
"4167.3673259315","3020.4910408671","1122.5414932975"
"3929.0790992511","3020.4910408671","1122.5414932975"
"1384.5087220048","3020.4910408671","1122.5414932975"
"3789.1279563021","3020.4910408671","1122.5414932975"
"4936.6995974337","3020.4910408671","1122.5414932975"
"1600.6533484536","3020.4910408671","1122.5414932975"
"1957.2255539721","3020.4910408671","1122.5414932975"
"4052.1701263312","3020.4910408671","1122.5414932975"
"3720.3138878222","3020.4910408671","1122.5414932975"
"4005.9745848658","3020.4910408671","1122.5414932975"
"3724.6979238727","3020.4910408671","1122.5414932975"
"3648.8666495684","3020.4910408671","1122.5414932975"
"4340.6126373656","3020.4910408671","1122.5414932975"
"2245.5163959621","3020.4910408671","1122.5414932975"
"1673.7639586182","3020.4910408671","1122.5414932975"
"4797.7076794649","3020.4910408671","1122.5414932975"
"1847.2353031885","3020.4910408671","1122.5414932975"
"2537.6038251998","3020.4910408671","1122.5414932975"
"4423.1823215999","3020.4910408671","1122.5414932975"
"1611.1967468626","3020.4910408671","1122.5414932975"
"1569.6468324339","3020.4910408671","1122.5414932975"
"2180.3557453068","3020.4910408671","1122.5414932975"
"2492.604607011","3020.4910408671","1122.5414932975"
"2084.1811635868","3020.4910408671","1122.5414932975"
"4884.8928048213","3020.4910408671","1122.5414932975"
"1184.0949294835","3020.4910408671","1122.5414932975"
"4323.7682993186","3020.4910408671","1122.5414932975"
"1800.2416863201","3020.4910408671","1122.5414932975"
"3513.238621794","3020.4910408671","1122.5414932975"
"4226.7611105135","3020.4910408671","1122.5414932975"
"4211.2063765778","3020.4910408671","1122.5414932975"
"3634.6732163392","3020.4910408671","1122.5414932975"
"4892.0344664665","3020.4910408671","1122.5414932975"
"4383.1049327079","3020.4910408671","1122.5414932975"
"4703.3476047121","3020.4910408671","1122.5414932975"
"4468.9683678091","3020.4910408671","1122.5414932975"
"1250.1616738338","3020.4910408671","1122.5414932975"
"3491.6240493169","3020.4910408671","1122.5414932975"
"1052.9405926749","3020.4910408671","1122.5414932975"
"4390.3543303202","3020.4910408671","1122.5414932975"
"1495.3990033712","3020.4910408671","1122.5414932975"
"2270.8987824538","3020.4910408671","1122.5414932975"
"1576.257070953","3020.4910408671","1122.5414932975"
"1906.4986053523","3020.4910408671","1122.5414932975"
"2586.1059779631","3020.4910408671","1122.5414932975"
"3751.8168569857","3020.4910408671","1122.5414932975"
"3646.1702654007","3020.4910408671","1122.5414932975"
"4553.3974451691","3020.4910408671","1122.5414932975"
"1337.8420880176","3020.4910408671","1122.5414932975"
"2362.3635786379","3020.4910408671","1122.5414932975"
"2057.8984226811","3020.4910408671","1122.5414932975"
"4714.6707926788","3020.4910408671","1122.5414932975"
"4238.9816541317","3020.4910408671","1122.5414932975"
"2099.8381983924","3020.4910408671","1122.5414932975"
"1089.9303445965","3020.4910408671","1122.5414932975"
"3018.5040786913","3020.4910408671","1122.5414932975"
"1653.7188290634","3020.4910408671","1122.5414932975"
"2394.4505710729","3020.4910408671","1122.5414932975"
"1226.7404955708","3020.4910408671","1122.5414932975"
"2504.3430703114","3020.4910408671","1122.5414932975"
"4306.5617618253","3020.4910408671","1122.5414932975"
"2373.0651078398","3020.4910408671","1122.5414932975"
"1964.0576446745","3020.4910408671","1122.5414932975"
"3176.769504803","3020.4910408671","1122.5414932975"
"3081.7003292844","3020.4910408671","1122.5414932975"
"4971.3347516845","3020.4910408671","1122.5414932975"
"1179.7386584896","3020.4910408671","1122.5414932975"
"2213.0897490643","3020.4910408671","1122.5414932975"
"2772.714344686","3020.4910408671","1122.5414932975"
"2786.3794842048","3020.4910408671","1122.5414932975"
"4640.0312841668","3020.4910408671","1122.5414932975"
"1273.0100204145","3020.4910408671","1122.5414932975"
"4316.8845572931","3020.4910408671","1122.5414932975"
"4648.6067616709","3020.4910408671","1122.5414932975"
"1440.855712373","3020.4910408671","1122.5414932975"
"1020.1986470251","3020.4910408671","1122.5414932975"
"2442.3159540881","3020.4910408671","1122.5414932975"
"1432.9085252371","3020.4910408671","1122.5414932975"
"3201.2764076135","3020.4910408671","1122.5414932975"
"4560.7315116199","3020.4910408671","1122.5414932975"
"1489.3460857574","3020.4910408671","1122.5414932975"
"4365.6417004525","3020.4910408671","1122.5414932975"
"4934.2354232168","3020.4910408671","1122.5414932975"
"4442.0214409913","3020.4910408671","1122.5414932975"
"1184.0754446824","3020.4910408671","1122.5414932975"
"1045.4877854275","3020.4910408671","1122.5414932975"
"2176.95768137","3020.4910408671","1122.5414932975"
"2559.4087562976","3020.4910408671","1122.5414932975"
"4128.6128988222","3020.4910408671","1122.5414932975"
"2327.2594324079","3020.4910408671","1122.5414932975"
"4253.5800993112","3020.4910408671","1122.5414932975"
"4769.0386268419","3020.4910408671","1122.5414932975"
"4869.5674966661","3020.4910408671","1122.5414932975"
"4152.4156331809","3020.4910408671","1122.5414932975"
"2679.857837819","3020.4910408671","1122.5414932975"
"1902.5249605157","3020.4910408671","1122.5414932975"
"1959.5019862901","3020.4910408671","1122.5414932975"
"3909.3068572496","3020.4910408671","1122.5414932975"
"4068.3414927468","3020.4910408671","1122.5414932975"
"4438.0546304134","3020.4910408671","1122.5414932975"
"2263.7337045283","3020.4910408671","1122.5414932975"
"2135.3821299445","3020.4910408671","1122.5414932975"
"3278.5736264741","3020.4910408671","1122.5414932975"
"4984.0182784148","3020.4910408671","1122.5414932975"
"2751.3437401892","3020.4910408671","1122.5414932975"
"4726.3018330333","3020.4910408671","1122.5414932975"
"2534.3703303164","3020.4910408671","1122.5414932975"
"3559.8762754062","3020.4910408671","1122.5414932975"
"4199.1406534362","3020.4910408671","1122.5414932975"
"1135.4048100522","3020.4910408671","1122.5414932975"
"2783.8331118928","3020.4910408671","1122.5414932975"
"3345.1804669399","3020.4910408671","1122.5414932975"
"3684.5611522949","3020.4910408671","1122.5414932975"
"2102.0724071601","3020.4910408671","1122.5414932975"
"1038.2195561284","3020.4910408671","1122.5414932975"
"1281.0512355221","3020.4910408671","1122.5414932975"
"4925.9935459313","3020.4910408671","1122.5414932975"
"2106.0485124345","3020.4910408671","1122.5414932975"
"4037.1853519785","3020.4910408671","1122.5414932975"
"1417.2904301422","3020.4910408671","1122.5414932975"
"3321.2549006975","3020.4910408671","1122.5414932975"
"2487.3964801623","3020.4910408671","1122.5414932975"
"2049.5820898897","3020.4910408671","1122.5414932975"
"2038.6894762686","3020.4910408671","1122.5414932975"
"2342.4346280713","3020.4910408671","1122.5414932975"
"2985.1493501708","3020.4910408671","1122.5414932975"
"1004.0704908425","3020.4910408671","1122.5414932975"
"3667.4246088254","3020.4910408671","1122.5414932975"
"4164.847302905","3020.4910408671","1122.5414932975"
"2355.0936577466","3020.4910408671","1122.5414932975"
"3654.2366143421","3020.4910408671","1122.5414932975"
"4128.7168572432","3020.4910408671","1122.5414932975"
"2074.1248537493","3020.4910408671","1122.5414932975"
"3868.2869612946","3020.4910408671","1122.5414932975"
"4164.5275719831","3020.4910408671","1122.5414932975"
"4324.789000241","3020.4910408671","1122.5414932975"
"2213.4453229272","3020.4910408671","1122.5414932975"
"1046.3246782301","3020.4910408671","1122.5414932975"
"2910.1037247242","3020.4910408671","1122.5414932975"
"3092.9732715076","3020.4910408671","1122.5414932975"
"2891.1768718022","3020.4910408671","1122.5414932975"
"4020.0452913982","3020.4910408671","1122.5414932975"
"4351.7098733113","3020.4910408671","1122.5414932975"
"2921.8494747413","3020.4910408671","1122.5414932975"
"3816.9636182659","3020.4910408671","1122.5414932975"
"3194.1229347112","3020.4910408671","1122.5414932975"
"1587.7144403191","3020.4910408671","1122.5414932975"
"3753.098010306","3020.4910408671","1122.5414932975"
"1591.8715694531","3020.4910408671","1122.5414932975"
"1640.3421322097","3020.4910408671","1122.5414932975"
"4756.382819301","3020.4910408671","1122.5414932975"
"1866.9266336738","3020.4910408671","1122.5414932975"
"4760.8352849939","3020.4910408671","1122.5414932975"
"3949.4549533164","3020.4910408671","1122.5414932975"
"3077.0496563162","3020.4910408671","1122.5414932975"
"2314.4323169503","3020.4910408671","1122.5414932975"
"3379.1381095487","3020.4910408671","1122.5414932975"
"4549.4643036821","3020.4910408671","1122.5414932975"
"3441.2985371851","3020.4910408671","1122.5414932975"
"2171.9864779366","3020.4910408671","1122.5414932975"
"3362.4023302019","3020.4910408671","1122.5414932975"
"3895.6795511088","3020.4910408671","1122.5414932975"
"2007.3558810119","3020.4910408671","1122.5414932975"
"1035.9058132792","3020.4910408671","1122.5414932975"
"2839.9292327435","3020.4910408671","1122.5414932975"
"3511.1356514727","3020.4910408671","1122.5414932975"
"4672.5687680247","3020.4910408671","1122.5414932975"
"2236.6591817247","3020.4910408671","1122.5414932975"
"4903.7701135702","3020.4910408671","1122.5414932975"
"1378.203346346","3020.4910408671","1122.5414932975"
"3183.9891664173","3020.4910408671","1122.5414932975"
"3975.3201390079","3020.4910408671","1122.5414932975"
"2674.4715836944","3020.4910408671","1122.5414932975"
"3382.0580886741","3020.4910408671","1122.5414932975"
"1772.3340101347","3020.4910408671","1122.5414932975"
"2976.5680237552","3020.4910408671","1122.5414932975"
"4142.1364244708","3020.4910408671","1122.5414932975"
"3146.3047167311","3020.4910408671","1122.5414932975"
"2457.1247107836","3020.4910408671","1122.5414932975"
"2270.8063690576","3020.4910408671","1122.5414932975"
"4338.491426887","3020.4910408671","1122.5414932975"
"4568.3767766223","3020.4910408671","1122.5414932975"
"3591.608183806","3020.4910408671","1122.5414932975"
"4186.2999255475","3020.4910408671","1122.5414932975"
"1736.493565749","3020.4910408671","1122.5414932975"
"1405.3436223871","3020.4910408671","1122.5414932975"
"1238.7757402111","3020.4910408671","1122.5414932975"
"4809.5934269334","3020.4910408671","1122.5414932975"
"2026.2828480059","3020.4910408671","1122.5414932975"
"4376.1376826635","3020.4910408671","1122.5414932975"
"1581.5324260967","3020.4910408671","1122.5414932975"
"3683.8832578631","3020.4910408671","1122.5414932975"
"3623.4256908261","3020.4910408671","1122.5414932975"
"1151.7880976728","3020.4910408671","1122.5414932975"
"3754.509183679","3020.4910408671","1122.5414932975"
"4870.1632591918","3020.4910408671","1122.5414932975"
"2030.1299116734","3020.4910408671","1122.5414932975"
"2761.7901453791","3020.4910408671","1122.5414932975"
"4508.9594363661","3020.4910408671","1122.5414932975"
"3493.9844777476","3020.4910408671","1122.5414932975"
"2085.1450913422","3020.4910408671","1122.5414932975"
"2379.484602002","3020.4910408671","1122.5414932975"
"4175.4555144377","3020.4910408671","1122.5414932975"
"3012.3790429029","3020.4910408671","1122.5414932975"
"2395.3316574248","3020.4910408671","1122.5414932975"
"1448.8546304471","3020.4910408671","1122.5414932975"
"1544.5226083712","3020.4910408671","1122.5414932975"
"1308.9371771323","3020.4910408671","1122.5414932975"
"2699.6975262527","3020.4910408671","1122.5414932975"
"3044.5137223671","3020.4910408671","1122.5414932975"
"3193.3562035858","3020.4910408671","1122.5414932975"
"4045.3291745051","3020.4910408671","1122.5414932975"
"4436.5047224715","3020.4910408671","1122.5414932975"
"1691.4807886547","3020.4910408671","1122.5414932975"
"3372.0252166131","3020.4910408671","1122.5414932975"
"2654.5114863132","3020.4910408671","1122.5414932975"
"1863.6368112297","3020.4910408671","1122.5414932975"
"1168.9035176167","3020.4910408671","1122.5414932975"
"3166.6360435001","3020.4910408671","1122.5414932975"
"1349.3723055451","3020.4910408671","1122.5414932975"
"4325.476732437","3020.4910408671","1122.5414932975"
"1937.0363494529","3020.4910408671","1122.5414932975"
"1447.9253398653","3020.4910408671","1122.5414932975"
"3018.0350525485","3020.4910408671","1122.5414932975"
"1481.6483196649","3020.4910408671","1122.5414932975"
"4237.0779976158","3020.4910408671","1122.5414932975"
"4685.2350003242","3020.4910408671","1122.5414932975"
"2545.3429873741","3020.4910408671","1122.5414932975"
"4487.5259913943","3020.4910408671","1122.5414932975"
"2082.3217651831","3020.4910408671","1122.5414932975"
"2886.3913422379","3020.4910408671","1122.5414932975"
"3731.9399564409","3020.4910408671","1122.5414932975"
"4993.8657077462","3020.4910408671","1122.5414932975"
"1341.1809589556","3020.4910408671","1122.5414932975"
"2875.2286277347","3020.4910408671","1122.5414932975"
"3742.5298474129","3020.4910408671","1122.5414932975"
"4051.9542635839","3020.4910408671","1122.5414932975"
"3470.1232223639","3020.4910408671","1122.5414932975"
"4332.042635872","3020.4910408671","1122.5414932975"
"4082.2514274549","3020.4910408671","1122.5414932975"
"3440.1948779298","3020.4910408671","1122.5414932975"
"4919.915251375","3020.4910408671","1122.5414932975"
"1963.4833327447","3020.4910408671","1122.5414932975"
"4463.6185015804","3020.4910408671","1122.5414932975"
"3880.3898629107","3020.4910408671","1122.5414932975"
"4592.6261364775","3020.4910408671","1122.5414932975"
"2721.0860536983","3020.4910408671","1122.5414932975"
"3129.6289435164","3020.4910408671","1122.5414932975"
"1864.1988355454","3020.4910408671","1122.5414932975"
"2106.7003627407","3020.4910408671","1122.5414932975"
"2853.9345971547","3020.4910408671","1122.5414932975"
"4635.3010476438","3020.4910408671","1122.5414932975"
"3978.621546129","3020.4910408671","1122.5414932975"
"3157.6933469074","3020.4910408671","1122.5414932975"
"3332.6344593227","3020.4910408671","1122.5414932975"
"4284.754674525","3020.4910408671","1122.5414932975"
"4434.4735975979","3020.4910408671","1122.5414932975"
"4981.0254642455","3020.4910408671","1122.5414932975"
"4828.9644652909","3020.4910408671","1122.5414932975"
"1771.9213043225","3020.4910408671","1122.5414932975"
"1299.6028203741","3020.4910408671","1122.5414932975"
"4680.2463573364","3020.4910408671","1122.5414932975"
"1278.5760378361","3020.4910408671","1122.5414932975"
"2951.3191246912","3020.4910408671","1122.5414932975"
"3700.3047338925","3020.4910408671","1122.5414932975"
"4990.3975208114","3020.4910408671","1122.5414932975"
"2640.635658831","3020.4910408671","1122.5414932975"
"3059.2101079608","3020.4910408671","1122.5414932975"
"2248.8245738556","3020.4910408671","1122.5414932975"
"3846.4232904823","3020.4910408671","1122.5414932975"
